[{"caption":"Overhold","media_url":"http://dummyimage.com/194x100.png/5fa2dd/ffffff","timestamp":"6/20/2021","permalink":"http://dummyimage.com/127x100.png/dddddd/000000","media_type":"application/mspowerpoint"},
{"caption":"Job","media_url":"http://dummyimage.com/113x100.png/cc0000/ffffff","timestamp":"10/11/2021","permalink":"http://dummyimage.com/111x100.png/5fa2dd/ffffff","media_type":"video/msvideo"},
{"caption":"Cardify","media_url":"http://dummyimage.com/131x100.png/ff4444/ffffff","timestamp":"9/8/2021","permalink":"http://dummyimage.com/121x100.png/dddddd/000000","media_type":"image/jpeg"},
{"caption":"Sonsing","media_url":"http://dummyimage.com/237x100.png/cc0000/ffffff","timestamp":"6/19/2021","permalink":"http://dummyimage.com/239x100.png/ff4444/ffffff","media_type":"image/jpeg"},
{"caption":"Tampflex","media_url":"http://dummyimage.com/105x100.png/ff4444/ffffff","timestamp":"2/4/2021","permalink":"http://dummyimage.com/244x100.png/5fa2dd/ffffff","media_type":"video/x-msvideo"},
{"caption":"Bamity","media_url":"http://dummyimage.com/102x100.png/5fa2dd/ffffff","timestamp":"10/23/2021","permalink":"http://dummyimage.com/222x100.png/ff4444/ffffff","media_type":"video/msvideo"},
{"caption":"It","media_url":"http://dummyimage.com/213x100.png/cc0000/ffffff","timestamp":"7/9/2021","permalink":"http://dummyimage.com/165x100.png/dddddd/000000","media_type":"application/mspowerpoint"},
{"caption":"Holdlamis","media_url":"http://dummyimage.com/105x100.png/ff4444/ffffff","timestamp":"8/2/2021","permalink":"http://dummyimage.com/161x100.png/5fa2dd/ffffff","media_type":"application/msword"},
{"caption":"Overhold","media_url":"http://dummyimage.com/212x100.png/5fa2dd/ffffff","timestamp":"5/12/2021","permalink":"http://dummyimage.com/125x100.png/ff4444/ffffff","media_type":"audio/x-mpeg-3"},
{"caption":"Y-Solowarm","media_url":"http://dummyimage.com/189x100.png/cc0000/ffffff","timestamp":"6/30/2021","permalink":"http://dummyimage.com/202x100.png/ff4444/ffffff","media_type":"audio/mpeg3"},
{"caption":"Alpha","media_url":"http://dummyimage.com/179x100.png/5fa2dd/ffffff","timestamp":"7/1/2021","permalink":"http://dummyimage.com/186x100.png/5fa2dd/ffffff","media_type":"video/mpeg"},
{"caption":"Opela","media_url":"http://dummyimage.com/206x100.png/cc0000/ffffff","timestamp":"2/17/2021","permalink":"http://dummyimage.com/135x100.png/dddddd/000000","media_type":"video/x-msvideo"},
{"caption":"Konklab","media_url":"http://dummyimage.com/135x100.png/dddddd/000000","timestamp":"6/23/2021","permalink":"http://dummyimage.com/179x100.png/5fa2dd/ffffff","media_type":"application/vnd.ms-excel"},
{"caption":"Gembucket","media_url":"http://dummyimage.com/101x100.png/cc0000/ffffff","timestamp":"8/13/2021","permalink":"http://dummyimage.com/221x100.png/cc0000/ffffff","media_type":"application/vnd.ms-powerpoint"},
{"caption":"Pannier","media_url":"http://dummyimage.com/223x100.png/ff4444/ffffff","timestamp":"4/26/2021","permalink":"http://dummyimage.com/184x100.png/dddddd/000000","media_type":"video/x-mpeg"},
{"caption":"Bytecard","media_url":"http://dummyimage.com/171x100.png/ff4444/ffffff","timestamp":"12/20/2020","permalink":"http://dummyimage.com/214x100.png/ff4444/ffffff","media_type":"application/x-troff-msvideo"},
{"caption":"Lotstring","media_url":"http://dummyimage.com/175x100.png/5fa2dd/ffffff","timestamp":"2/15/2021","permalink":"http://dummyimage.com/214x100.png/5fa2dd/ffffff","media_type":"video/x-mpeg"},
{"caption":"Opela","media_url":"http://dummyimage.com/128x100.png/5fa2dd/ffffff","timestamp":"8/25/2021","permalink":"http://dummyimage.com/189x100.png/cc0000/ffffff","media_type":"application/powerpoint"},
{"caption":"Bitwolf","media_url":"http://dummyimage.com/128x100.png/dddddd/000000","timestamp":"4/5/2021","permalink":"http://dummyimage.com/132x100.png/cc0000/ffffff","media_type":"video/mpeg"},
{"caption":"Zontrax","media_url":"http://dummyimage.com/238x100.png/dddddd/000000","timestamp":"7/31/2021","permalink":"http://dummyimage.com/117x100.png/5fa2dd/ffffff","media_type":"image/jpeg"},
{"caption":"Tresom","media_url":"http://dummyimage.com/242x100.png/ff4444/ffffff","timestamp":"12/1/2021","permalink":"http://dummyimage.com/147x100.png/dddddd/000000","media_type":"video/x-mpeg"},
{"caption":"Fix San","media_url":"http://dummyimage.com/145x100.png/ff4444/ffffff","timestamp":"6/9/2021","permalink":"http://dummyimage.com/144x100.png/cc0000/ffffff","media_type":"application/x-excel"},
{"caption":"Bigtax","media_url":"http://dummyimage.com/157x100.png/cc0000/ffffff","timestamp":"9/23/2021","permalink":"http://dummyimage.com/138x100.png/5fa2dd/ffffff","media_type":"video/avi"},
{"caption":"Daltfresh","media_url":"http://dummyimage.com/224x100.png/cc0000/ffffff","timestamp":"10/16/2021","permalink":"http://dummyimage.com/145x100.png/5fa2dd/ffffff","media_type":"image/tiff"},
{"caption":"Holdlamis","media_url":"http://dummyimage.com/125x100.png/dddddd/000000","timestamp":"9/8/2021","permalink":"http://dummyimage.com/225x100.png/5fa2dd/ffffff","media_type":"audio/mpeg3"},
{"caption":"Tampflex","media_url":"http://dummyimage.com/167x100.png/cc0000/ffffff","timestamp":"4/2/2021","permalink":"http://dummyimage.com/114x100.png/dddddd/000000","media_type":"video/avi"},
{"caption":"Prodder","media_url":"http://dummyimage.com/219x100.png/5fa2dd/ffffff","timestamp":"3/28/2021","permalink":"http://dummyimage.com/134x100.png/cc0000/ffffff","media_type":"application/x-excel"},
{"caption":"Cookley","media_url":"http://dummyimage.com/243x100.png/dddddd/000000","timestamp":"8/24/2021","permalink":"http://dummyimage.com/185x100.png/cc0000/ffffff","media_type":"application/vnd.ms-excel"},
{"caption":"Y-find","media_url":"http://dummyimage.com/204x100.png/5fa2dd/ffffff","timestamp":"5/22/2021","permalink":"http://dummyimage.com/239x100.png/dddddd/000000","media_type":"video/mpeg"}]