<?xml version="1.0" encoding="UTF-8"?>
<rss version="2.0" xmlns:ror="http://rorweb.com/0.1/" >
<channel>
  <title>ROR Sitemap for https://abanoubsamirnaguib.github.io/ArtistAbanoubSamir/</title>
  <link>https://abanoubsamirnaguib.github.io/ArtistAbanoubSamir/</link>

<item>
     <link>https://abanoubsamirnaguib.github.io/ArtistAbanoubSamir/</link>
     <title>Abanoub Samir Music Page</title>
     <description>Abanoub Samir Music Page</description>
     <ror:updatePeriod></ror:updatePeriod>
     <ror:sortOrder>0</ror:sortOrder>
     <ror:resourceOf>sitemap</ror:resourceOf>
</item>
</channel>
</rss>
  